kind,bytes,multiplier,passes,kernel,repetitions,samples,median_ns,mad_ns,median_cycles,cycles_per_input_byte,effective_gib_s,internal_gib_s
mul,64,93,1,scalar_table,100000,9,1405526.000,2101.000,6043865.000,0.944,4.241,4.241
mul,64,93,1,avx2_nibble,100000,9,229123.000,421.000,985302.000,0.154,26.014,26.014
mul,64,93,1,avx512_nibble,100000,9,208122.000,2730.000,895045.000,0.140,28.639,28.639
mul,64,93,1,gfni_xmm,100000,9,235263.000,481.000,1011704.000,0.158,25.335,25.335
mul,64,93,1,gfni_ymm,100000,9,199572.000,229.000,858323.000,0.134,29.866,29.866
mul,64,93,1,gfni_zmm,100000,9,181682.000,30.000,781310.000,0.122,32.807,32.807
mul,64,93,1,gfni_mul_xmm,100000,9,290783.000,280.000,1250440.000,0.195,20.498,20.498
mul,64,93,1,gfni_mul_ymm,100000,9,255512.000,1021.000,1098822.000,0.172,23.328,23.328
mul,64,93,1,gfni_mul_zmm,100000,9,236913.000,221.000,1018842.000,0.159,25.159,25.159
mul,256,93,1,scalar_table,100000,9,6227278.000,1350.000,26777089.000,1.046,3.829,3.829
mul,256,93,1,avx2_nibble,100000,9,475595.000,1780.000,2045166.000,0.080,50.131,50.131
mul,256,93,1,avx512_nibble,100000,9,346514.000,3820.000,1490079.000,0.058,68.805,68.805
mul,256,93,1,gfni_xmm,100000,9,527076.000,771.000,2266573.000,0.089,45.234,45.234
mul,256,93,1,gfni_ymm,100000,9,321464.000,3690.000,1382407.000,0.054,74.166,74.166
mul,256,93,1,gfni_zmm,100000,9,245912.000,3081.000,1057542.000,0.041,96.953,96.953
mul,256,93,1,gfni_mul_xmm,100000,9,609047.000,960.000,2618958.000,0.102,39.146,39.146
mul,256,93,1,gfni_mul_ymm,100000,9,385064.000,850.000,1655930.000,0.065,61.917,61.917
mul,256,93,1,gfni_mul_zmm,100000,9,280243.000,860.000,1205161.000,0.047,85.076,85.076
mul,1024,93,1,scalar_table,65536,9,13718449.000,97391.000,58988819.000,0.879,4.556,4.556
mul,1024,93,1,avx2_nibble,65536,9,1003480.000,8951.000,4315007.000,0.064,62.283,62.283
mul,1024,93,1,avx512_nibble,65536,9,547676.000,22370.000,2355153.000,0.035,114.119,114.119
mul,1024,93,1,gfni_xmm,65536,9,954240.000,1830.000,4103318.000,0.061,65.497,65.497
mul,1024,93,1,gfni_ymm,65536,9,579406.000,1160.000,2491592.000,0.037,107.869,107.869
mul,1024,93,1,gfni_zmm,65536,9,352663.000,289.000,1516567.000,0.023,177.223,177.223
mul,1024,93,1,gfni_mul_xmm,65536,9,1206233.000,1180.000,5186918.000,0.077,51.814,51.814
mul,1024,93,1,gfni_mul_ymm,65536,9,671567.000,15341.000,2887837.000,0.043,93.066,93.066
mul,1024,93,1,gfni_mul_zmm,65536,9,385984.000,3669.000,1659800.000,0.025,161.924,161.924
mul,16384,93,1,scalar_table,4096,9,12500756.000,122771.000,53752795.000,0.801,5.000,5.000
mul,16384,93,1,avx2_nibble,4096,9,806959.000,2631.000,3469971.000,0.052,77.451,77.451
mul,16384,93,1,avx512_nibble,4096,9,445694.000,8811.000,1916639.000,0.029,140.231,140.231
mul,16384,93,1,gfni_xmm,4096,9,888159.000,2310.000,3819174.000,0.057,70.370,70.370
mul,16384,93,1,gfni_ymm,4096,9,492495.000,1310.000,2117836.000,0.032,126.905,126.905
mul,16384,93,1,gfni_zmm,4096,9,297693.000,800.000,1280196.000,0.019,209.948,209.948
mul,16384,93,1,gfni_mul_xmm,4096,9,1214063.000,850.000,5220587.000,0.078,51.480,51.480
mul,16384,93,1,gfni_mul_ymm,4096,9,619037.000,569.000,2661915.000,0.040,100.963,100.963
mul,16384,93,1,gfni_mul_zmm,4096,9,353284.000,4010.000,1519276.000,0.023,176.911,176.911
mul,65536,93,1,scalar_table,1024,9,12381865.000,107180.000,53241568.000,0.793,5.048,5.048
mul,65536,93,1,avx2_nibble,1024,9,1177463.000,77750.000,5063207.000,0.075,53.080,53.080
mul,65536,93,1,avx512_nibble,1024,9,718058.000,19060.000,3087744.000,0.046,87.040,87.040
mul,65536,93,1,gfni_xmm,1024,9,826039.000,1300.000,3552101.000,0.053,75.662,75.662
mul,65536,93,1,gfni_ymm,1024,9,618416.000,23740.000,2659292.000,0.040,101.065,101.065
mul,65536,93,1,gfni_zmm,1024,9,578526.000,1009.000,2487808.000,0.037,108.033,108.033
mul,65536,93,1,gfni_mul_xmm,1024,9,1238374.000,2580.000,5325034.000,0.079,50.469,50.469
mul,65536,93,1,gfni_mul_ymm,1024,9,627457.000,2180.000,2698207.000,0.040,99.608,99.608
mul,65536,93,1,gfni_mul_zmm,1024,9,586896.000,2161.000,2523799.000,0.038,106.492,106.492
mul,1048576,93,1,scalar_table,64,9,12783559.000,136361.000,54968835.000,0.819,4.889,4.889
mul,1048576,93,1,avx2_nibble,64,9,1029261.000,59981.000,4425947.000,0.066,60.723,60.723
mul,1048576,93,1,avx512_nibble,64,9,910769.000,1031.000,3916440.000,0.058,68.623,68.623
mul,1048576,93,1,gfni_xmm,64,9,978740.000,2900.000,4208668.000,0.063,63.858,63.858
mul,1048576,93,1,gfni_ymm,64,9,922280.000,780.000,3965847.000,0.059,67.767,67.767
mul,1048576,93,1,gfni_zmm,64,9,907090.000,970.000,3900573.000,0.058,68.902,68.902
mul,1048576,93,1,gfni_mul_xmm,64,9,1219093.000,1900.000,5242130.000,0.078,51.268,51.268
mul,1048576,93,1,gfni_mul_ymm,64,9,928080.000,740.000,3990830.000,0.059,67.343,67.343
mul,1048576,93,1,gfni_mul_zmm,64,9,913390.000,2190.000,3927663.000,0.059,68.426,68.426
mul,16777216,93,1,scalar_table,4,9,12606507.000,209563.000,54207520.000,0.808,4.958,4.958
mul,16777216,93,1,avx2_nibble,4,9,1156653.000,62690.000,4973724.000,0.074,54.035,54.035
mul,16777216,93,1,avx512_nibble,4,9,822779.000,360.000,3538083.000,0.053,75.962,75.962
mul,16777216,93,1,gfni_xmm,4,9,884609.000,20781.000,3803909.000,0.057,70.653,70.653
mul,16777216,93,1,gfni_ymm,4,9,855439.000,1900.000,3678478.000,0.055,73.062,73.062
mul,16777216,93,1,gfni_zmm,4,9,841439.000,1501.000,3618321.000,0.054,74.278,74.278
mul,16777216,93,1,gfni_mul_xmm,4,9,1213453.000,910.000,5217964.000,0.078,51.506,51.506
mul,16777216,93,1,gfni_mul_ymm,4,9,849070.000,2139.000,3651087.000,0.054,73.610,73.610
mul,16777216,93,1,gfni_mul_zmm,4,9,839199.000,3449.000,3608646.000,0.054,74.476,74.476
special,65536,0,1,scalar_table,1024,9,276863.000,1000.000,1190627.000,0.018,225.743,225.743
special,65536,0,1,avx2_nibble,1024,9,275923.000,1980.000,1186628.000,0.018,226.512,226.512
special,65536,0,1,avx512_nibble,1024,9,275183.000,1440.000,1183446.000,0.018,227.122,227.122
special,65536,0,1,gfni_xmm,1024,9,281413.000,280.000,1210149.000,0.018,222.094,222.094
special,65536,0,1,gfni_ymm,1024,9,280363.000,1210.000,1205720.000,0.018,222.925,222.925
special,65536,0,1,gfni_zmm,1024,9,281764.000,641.000,1211740.000,0.018,221.817,221.817
special,65536,0,1,gfni_mul_xmm,1024,9,279013.000,610.000,1199915.000,0.018,224.004,224.004
special,65536,0,1,gfni_mul_ymm,1024,9,274113.000,1140.000,1178802.000,0.018,228.008,228.008
special,65536,0,1,gfni_mul_zmm,1024,9,274993.000,950.000,1182586.000,0.018,227.279,227.279
special,65536,1,1,scalar_table,1024,9,552666.000,4260.000,2376610.000,0.035,113.088,113.088
special,65536,1,1,avx2_nibble,1024,9,559826.000,910.000,2407355.000,0.036,111.642,111.642
special,65536,1,1,avx512_nibble,1024,9,556386.000,3200.000,2392606.000,0.036,112.332,112.332
special,65536,1,1,gfni_xmm,1024,9,554146.000,2750.000,2382974.000,0.036,112.786,112.786
special,65536,1,1,gfni_ymm,1024,9,543965.000,529.000,2339200.000,0.035,114.897,114.897
special,65536,1,1,gfni_zmm,1024,9,548936.000,5710.000,2360528.000,0.035,113.857,113.857
special,65536,1,1,gfni_mul_xmm,1024,9,541956.000,1051.000,2330557.000,0.035,115.323,115.323
special,65536,1,1,gfni_mul_ymm,1024,9,552236.000,2370.000,2374718.000,0.035,113.176,113.176
special,65536,1,1,gfni_mul_zmm,1024,9,550966.000,1320.000,2369214.000,0.035,113.437,113.437
chain,256,-1,12,scalar_table,20000,9,14382346.000,134951.000,61843546.000,12.079,0.332,3.979
chain,256,-1,12,avx2_nibble,20000,9,1773849.000,32800.000,7627598.000,1.490,2.688,32.258
chain,256,-1,12,avx512_nibble,20000,9,1508946.000,1090.000,6488528.000,1.267,3.160,37.921
chain,256,-1,12,gfni_xmm,20000,9,1680718.000,740.000,7227139.000,1.412,2.837,34.045
chain,256,-1,12,gfni_ymm,20000,9,1479066.000,2410.000,6360044.000,1.242,3.224,38.687
chain,256,-1,12,gfni_zmm,20000,9,1318405.000,811.000,5669163.000,1.107,3.617,43.401
chain,256,-1,12,gfni_mul_xmm,20000,9,1916050.000,959.000,8239058.000,1.609,2.489,29.864
chain,256,-1,12,gfni_mul_ymm,20000,9,1699848.000,3130.000,7309398.000,1.428,2.805,33.662
chain,256,-1,12,gfni_mul_zmm,20000,9,1469156.000,1720.000,6317474.000,1.234,3.246,38.948
chain,1024,-1,12,scalar_table,5461,9,11821018.000,35811.000,50829999.000,9.090,0.441,5.287
chain,1024,-1,12,avx2_nibble,5461,9,1389915.000,9450.000,5976742.000,1.069,3.747,44.964
chain,1024,-1,12,avx512_nibble,5461,9,870660.000,33509.000,3743924.000,0.670,5.982,71.780
chain,1024,-1,12,gfni_xmm,5461,9,1164413.000,3550.000,5007049.000,0.895,4.473,53.672
chain,1024,-1,12,gfni_ymm,5461,9,888970.000,2250.000,3822614.000,0.684,5.858,70.302
chain,1024,-1,12,gfni_zmm,5461,9,802099.000,9900.000,3449159.000,0.617,6.493,77.916
chain,1024,-1,12,gfni_mul_xmm,5461,9,1336124.000,1570.000,5745402.000,1.027,3.898,46.774
chain,1024,-1,12,gfni_mul_ymm,5461,9,967380.000,2199.000,4159863.000,0.744,5.384,64.604
chain,1024,-1,12,gfni_mul_zmm,5461,9,849509.000,2240.000,3652979.000,0.653,6.131,73.567
chain,4096,-1,12,scalar_table,1365,9,10972379.000,99491.000,47180847.000,8.439,0.475,5.695
chain,4096,-1,12,avx2_nibble,1365,9,1089392.000,3500.000,4684463.000,0.838,4.780,57.357
chain,4096,-1,12,avx512_nibble,1365,9,699827.000,6960.000,3009355.000,0.538,7.440,89.286
chain,4096,-1,12,gfni_xmm,1365,9,1268114.000,4400.000,5452959.000,0.975,4.106,49.274
chain,4096,-1,12,gfni_ymm,1365,9,748509.000,1019.000,3218722.000,0.576,6.957,83.479
chain,4096,-1,12,gfni_zmm,1365,9,571276.000,1251.000,2456633.000,0.439,9.115,109.378
chain,4096,-1,12,gfni_mul_xmm,1365,9,1460216.000,2789.000,6278989.000,1.123,3.566,42.791
chain,4096,-1,12,gfni_mul_ymm,1365,9,830009.000,1210.000,3569129.000,0.638,6.274,75.282
chain,4096,-1,12,gfni_mul_zmm,1365,9,609997.000,3121.000,2623086.000,0.469,8.536,102.435
chain,16384,-1,12,scalar_table,341,9,10909019.000,76602.000,46908442.000,8.396,0.477,5.724
chain,16384,-1,12,avx2_nibble,341,9,1066522.000,1509.000,4586122.000,0.821,4.879,58.544
chain,16384,-1,12,avx512_nibble,341,9,742108.000,2290.000,3191159.000,0.571,7.011,84.137
chain,16384,-1,12,gfni_xmm,341,9,1123323.000,3509.000,4830405.000,0.865,4.632,55.584
chain,16384,-1,12,gfni_ymm,341,9,799959.000,1280.000,3439957.000,0.616,6.504,78.053
chain,16384,-1,12,gfni_zmm,341,9,629237.000,599.000,2705818.000,0.484,8.269,99.230
chain,16384,-1,12,gfni_mul_xmm,341,9,1387915.000,1810.000,5968142.000,1.068,3.749,44.988
chain,16384,-1,12,gfni_mul_ymm,341,9,896200.000,961.000,3853746.000,0.690,5.806,69.671
chain,16384,-1,12,gfni_mul_zmm,341,9,666417.000,840.000,2865692.000,0.513,7.808,93.694
chain,65536,-1,12,scalar_table,85,9,11101940.000,27580.000,47738041.000,8.570,0.467,5.608
chain,65536,-1,12,avx2_nibble,85,9,1357805.000,37390.000,5838626.000,1.048,3.821,45.850
chain,65536,-1,12,avx512_nibble,85,9,1136283.000,8211.000,4886090.000,0.877,4.566,54.789
chain,65536,-1,12,gfni_xmm,85,9,1352204.000,1639.000,5814546.000,1.044,3.837,46.040
chain,65536,-1,12,gfni_ymm,85,9,1118802.000,3140.000,4810969.000,0.864,4.637,55.645
chain,65536,-1,12,gfni_zmm,85,9,1119392.000,4110.000,4813420.000,0.864,4.635,55.616
chain,65536,-1,12,gfni_mul_xmm,85,9,1675678.000,3310.000,7205467.000,1.293,3.096,37.153
chain,65536,-1,12,gfni_mul_ymm,85,9,1182373.000,4461.000,5084320.000,0.913,4.388,52.653
chain,65536,-1,12,gfni_mul_zmm,85,9,1126563.000,5249.000,4844337.000,0.870,4.605,55.262
chain,262144,-1,12,scalar_table,21,9,11055570.000,67121.000,47538564.000,8.635,0.464,5.565
chain,262144,-1,12,avx2_nibble,21,9,1226353.000,7030.000,5273477.000,0.958,4.181,50.168
chain,262144,-1,12,avx512_nibble,21,9,1000401.000,7110.000,4301849.000,0.781,5.125,61.499
chain,262144,-1,12,gfni_xmm,21,9,1244614.000,2600.000,5351952.000,0.972,4.119,49.432
chain,262144,-1,12,gfni_ymm,21,9,991071.000,1091.000,4261773.000,0.774,5.173,62.078
chain,262144,-1,12,gfni_zmm,21,9,937820.000,1320.000,4032712.000,0.733,5.467,65.603
chain,262144,-1,12,gfni_mul_xmm,21,9,1568337.000,5190.000,6744034.000,1.225,3.269,39.228
chain,262144,-1,12,gfni_mul_ymm,21,9,1071252.000,730.000,4606547.000,0.837,4.786,57.431
chain,262144,-1,12,gfni_mul_zmm,21,9,935220.000,1020.000,4021618.000,0.731,5.482,65.785
chain,1048576,-1,12,scalar_table,5,9,11135791.000,114811.000,47883553.000,9.133,0.438,5.262
chain,1048576,-1,12,avx2_nibble,5,9,1871930.000,13800.000,8049385.000,1.535,2.608,31.301
chain,1048576,-1,12,avx512_nibble,5,9,1809679.000,5490.000,7781796.000,1.484,2.698,32.378
chain,1048576,-1,12,gfni_xmm,5,9,1835670.000,1280.000,7893510.000,1.506,2.660,31.920
chain,1048576,-1,12,gfni_ymm,5,9,1819320.000,2970.000,7823162.000,1.492,2.684,32.206
chain,1048576,-1,12,gfni_zmm,5,9,1802709.000,3900.000,7751739.000,1.479,2.709,32.503
chain,1048576,-1,12,gfni_mul_xmm,5,9,2028372.000,4280.000,8722077.000,1.664,2.407,28.887
chain,1048576,-1,12,gfni_mul_ymm,5,9,1815979.000,2609.000,7808800.000,1.489,2.689,32.266
chain,1048576,-1,12,gfni_mul_zmm,5,9,1810589.000,3811.000,7785580.000,1.485,2.697,32.362
