operation,variant,bytes,iterations,samples,median_ns,mad_ns,min_ns,max_ns,median_cycles,cycles_per_byte,shard_gb_s,logical_traffic_gb_s,freq_before_mhz,freq_after_mhz,checksum
copy,scalar,64,262144,9,1.802,0.002,1.744,1.812,7.751,0.121,35.508,71.017,5563.367,5563.367,0
xor,scalar,64,174763,9,2.094,0.001,2.093,2.102,9.004,0.141,30.568,91.703,5498.859,5498.859,108
mul,scalar,64,262144,9,12.186,0.006,12.172,12.223,52.401,0.819,5.252,10.504,5504.305,5504.305,184
radix4,scalar,64,65536,9,69.278,0.371,68.907,70.623,297.894,4.655,0.924,7.391,5463.780,5463.780,118
radix8,scalar,64,32768,9,172.148,0.173,171.855,172.726,740.228,11.566,0.372,5.948,5509.735,5510.087,88
codec,scalar,64,14564,9,339.068,0.285,335.794,341.062,1457.982,22.781,0.189,6.795,5546.833,5547.187,194
copy,avx2,64,262144,9,1.477,0.015,1.456,1.512,6.350,0.099,43.344,86.687,5551.189,5537.289,119
xor,avx2,64,174763,9,1.663,0.003,1.657,1.771,7.151,0.112,38.487,115.461,5434.792,5422.700,27
mul,avx2,64,262144,9,2.500,0.041,2.442,2.550,10.750,0.168,25.600,51.201,5454.030,5454.030,207
radix4,avx2,64,65536,9,7.407,0.019,7.290,7.426,31.851,0.498,8.641,69.125,5481.726,5481.726,1
radix8,avx2,64,32768,9,14.269,0.232,13.765,14.797,61.357,0.959,4.485,71.766,5497.807,5481.347,54
codec,avx2,64,14564,9,37.598,1.446,35.369,40.345,161.678,2.526,1.702,61.280,5407.432,5407.432,245
copy,avx512bw,64,262144,9,1.503,0.002,1.495,1.507,6.463,0.101,42.588,85.175,5340.410,5332.190,64
xor,avx512bw,64,174763,9,1.691,0.001,1.690,1.699,7.273,0.114,37.841,113.523,5322.984,5322.984,44
mul,avx512bw,64,262144,9,2.095,0.012,2.083,2.162,9.010,0.141,30.546,61.092,5333.360,5335.653,248
radix4,avx512bw,64,65536,9,6.634,0.011,6.607,6.650,28.529,0.446,9.647,77.175,5355.022,5355.022,54
radix8,avx512bw,64,32768,9,11.566,0.041,11.506,11.665,49.737,0.777,5.533,88.535,5378.465,5381.409,1
codec,avx512bw,64,14564,9,20.263,0.061,20.140,20.478,87.140,1.362,3.159,113.707,5380.489,5376.746,206
copy,avx512vbmi,64,262144,9,1.501,0.001,1.500,1.509,6.455,0.101,42.634,85.268,5331.983,5331.983,123
xor,avx512vbmi,64,174763,9,1.690,0.001,1.689,1.719,7.266,0.114,37.880,113.639,5327.740,5327.740,23
mul,avx512vbmi,64,262144,9,2.270,0.021,2.246,2.317,9.761,0.153,28.193,56.387,5340.628,5340.628,195
radix4,avx512vbmi,64,65536,9,12.588,0.050,12.538,12.660,54.130,0.846,5.084,40.673,5365.158,5366.311,13
radix8,avx512vbmi,64,32768,9,18.670,0.031,18.617,18.776,80.284,1.254,3.428,54.847,5383.136,5383.136,58
codec,avx512vbmi,64,14564,9,31.364,0.152,31.208,31.843,134.872,2.107,2.041,73.460,5379.251,5365.363,142
copy,scalar,256,65536,9,4.509,0.019,4.482,4.546,19.389,0.076,56.780,113.561,5310.234,5310.234,59
xor,scalar,256,43691,9,4.581,0.030,4.530,4.671,19.702,0.077,55.882,167.645,5350.360,5350.360,164
mul,scalar,256,65536,9,70.264,0.393,69.805,71.325,302.134,1.180,3.643,7.287,5419.793,5438.834,39
radix4,scalar,256,16384,9,278.965,1.891,276.201,282.922,1199.541,4.686,0.918,7.341,5456.699,5456.699,206
radix8,scalar,256,8192,9,690.814,0.846,688.656,696.358,2970.475,11.603,0.371,5.929,5509.809,5509.809,159
codec,scalar,256,3641,9,1168.896,1.134,1164.735,1186.974,5026.229,19.634,0.219,7.884,5539.811,5539.899,227
copy,avx2,256,65536,9,2.650,0.012,2.627,2.699,11.397,0.045,96.602,193.205,5540.681,5540.681,181
xor,avx2,256,43691,9,3.282,0.037,3.131,3.318,14.115,0.055,78.008,234.023,5532.711,5532.711,42
mul,avx2,256,65536,9,6.190,0.020,6.153,6.228,26.617,0.104,41.358,82.716,5494.080,5494.080,169
radix4,avx2,256,16384,9,21.183,0.525,20.627,22.002,91.094,0.356,12.085,96.683,5530.356,5530.356,64
radix8,avx2,256,8192,9,52.437,0.602,51.389,54.008,225.493,0.881,4.882,78.112,5486.159,5486.159,168
codec,avx2,256,3641,9,142.441,5.675,133.869,151.691,612.523,2.393,1.797,64.701,5437.296,5426.899,52
copy,avx512bw,256,65536,9,2.069,0.007,2.062,2.117,8.896,0.035,123.760,247.521,5390.855,5368.499,98
xor,avx512bw,256,43691,9,2.582,0.003,2.571,2.601,11.107,0.043,99.138,297.413,5360.507,5360.507,253
mul,avx512bw,256,65536,9,3.407,0.043,3.364,3.555,14.653,0.057,75.132,150.264,5355.692,5355.692,126
radix4,avx512bw,256,16384,9,15.458,0.041,15.366,15.548,66.476,0.260,16.561,132.488,5348.790,5353.120,151
radix8,avx512bw,256,8192,9,24.081,0.015,23.942,24.220,103.568,0.405,10.631,170.091,5355.265,5356.033,127
codec,avx512bw,256,3641,9,69.636,0.113,69.386,69.883,299.477,1.170,3.676,132.346,5340.390,5315.920,94
copy,avx512vbmi,256,65536,9,2.083,0.000,2.081,2.101,8.958,0.035,122.908,245.816,5307.829,5307.829,8
xor,avx512vbmi,256,43691,9,2.557,0.006,2.546,2.591,10.997,0.043,100.123,300.370,5308.851,5315.740,151
mul,avx512vbmi,256,65536,9,4.379,0.025,4.310,4.407,18.833,0.074,58.456,116.913,5315.740,5315.740,20
radix4,avx512vbmi,256,16384,9,19.761,0.032,19.698,19.861,84.982,0.332,12.955,103.638,5269.698,5269.698,253
radix8,avx512vbmi,256,8192,9,45.504,0.056,45.426,45.661,195.678,0.764,5.626,90.015,5257.657,5257.657,21
codec,avx512vbmi,256,3641,9,118.118,0.137,117.980,118.868,507.946,1.984,2.167,78.024,5258.453,5258.453,70
copy,scalar,1024,16384,9,13.670,0.038,13.567,13.839,58.786,0.057,74.911,149.821,5268.533,5268.533,16
xor,scalar,1024,10923,9,13.515,0.001,13.513,13.643,58.125,0.057,75.769,227.307,5317.128,5317.128,56
mul,scalar,1024,16384,9,214.437,1.182,212.860,217.034,922.078,0.900,4.775,9.551,5364.625,5377.876,35
radix4,scalar,1024,4096,9,1107.111,3.767,1099.730,1116.696,4760.539,4.649,0.925,7.399,5415.973,5416.836,193
radix8,scalar,1024,2048,9,2742.192,5.796,2732.989,2766.134,11791.343,11.515,0.373,5.975,5507.224,5510.093,32
codec,scalar,1024,911,9,5239.143,13.820,5221.536,5263.314,22528.130,22.000,0.195,7.036,5542.636,5542.636,119
copy,avx2,1024,16384,9,7.975,0.027,7.889,8.113,34.302,0.033,128.403,256.805,5541.128,5541.128,142
xor,avx2,1024,10923,9,10.289,0.025,10.095,10.446,44.256,0.043,99.528,298.584,5539.214,5539.214,166
mul,avx2,1024,16384,9,23.475,0.022,23.448,23.649,100.949,0.099,43.621,87.241,5538.477,5538.477,189
radix4,avx2,1024,4096,9,88.051,0.330,86.752,88.390,378.644,0.370,11.630,93.037,5541.840,5541.840,95
radix8,avx2,1024,2048,9,204.817,2.212,202.605,216.444,880.744,0.860,5.000,79.993,5524.797,5499.929,156
codec,avx2,1024,911,9,629.263,16.014,584.870,659.516,2705.932,2.643,1.627,58.583,5443.123,5443.123,246
copy,avx512bw,1024,16384,9,4.825,0.026,4.759,4.862,20.752,0.020,212.233,424.466,5403.168,5403.168,15
xor,avx512bw,1024,10923,9,6.052,0.019,6.016,6.401,26.033,0.025,169.213,507.639,5386.541,5386.541,39
mul,avx512bw,1024,16384,9,9.408,0.073,9.306,9.579,40.459,0.040,108.843,217.685,5375.966,5375.966,60
radix4,avx512bw,1024,4096,9,43.812,0.142,43.426,44.281,188.419,0.184,23.373,186.982,5361.598,5361.598,222
radix8,avx512bw,1024,2048,9,93.419,0.362,92.814,94.567,401.760,0.392,10.961,175.381,5326.641,5326.641,29
codec,avx512bw,1024,911,9,295.087,0.274,294.483,297.941,1269.043,1.239,3.470,124.926,5295.993,5295.993,1
copy,avx512vbmi,1024,16384,9,4.462,0.023,4.420,4.620,19.193,0.019,229.507,459.015,5272.542,5272.542,248
xor,avx512vbmi,1024,10923,9,6.092,0.048,6.008,6.296,26.202,0.026,168.094,504.282,5272.542,5272.542,208
mul,avx512vbmi,1024,16384,9,12.848,0.009,12.807,12.996,55.254,0.054,79.701,159.401,5281.665,5281.665,203
radix4,avx512vbmi,1024,4096,9,61.929,0.107,61.190,66.795,266.335,0.260,16.535,132.280,5234.942,5234.942,41
radix8,avx512vbmi,1024,2048,9,180.105,0.264,179.686,182.527,774.504,0.756,5.686,90.969,5216.891,5215.936,234
codec,avx512vbmi,1024,911,9,474.035,1.866,471.225,477.756,2038.512,1.991,2.160,77.766,5216.564,5216.564,180
copy,scalar,4096,4096,9,71.349,0.366,70.790,72.081,306.837,0.075,57.408,114.816,5231.351,5246.362,77
xor,scalar,4096,2731,9,57.244,0.059,57.156,58.027,246.175,0.060,71.554,214.662,5272.339,5284.034,144
mul,scalar,4096,4096,9,787.069,9.351,777.719,803.893,3384.381,0.826,5.204,10.408,5310.980,5319.626,23
radix4,scalar,4096,1024,9,4472.359,14.658,4404.507,4530.524,19230.994,4.695,0.916,7.327,5378.279,5380.900,166
radix8,scalar,4096,512,9,11090.102,102.168,10942.854,11624.719,47687.084,11.642,0.369,5.909,5466.201,5484.029,14
codec,scalar,4096,228,9,19607.386,21.272,19577.868,19689.057,84311.118,20.584,0.209,7.520,5522.415,5526.842,107
copy,avx2,4096,4096,9,23.543,0.029,23.433,24.148,101.264,0.025,173.982,347.963,5533.805,5533.805,12
xor,avx2,4096,2731,9,34.435,0.092,33.823,34.702,148.115,0.036,118.950,356.850,5532.631,5532.631,209
mul,avx2,4096,4096,9,93.200,0.161,92.777,93.693,400.794,0.098,43.949,87.897,5526.143,5526.143,86
radix4,avx2,4096,1024,9,305.552,7.119,298.433,320.717,1313.936,0.321,13.405,107.242,5535.839,5535.839,231
radix8,avx2,4096,512,9,773.293,6.623,758.447,791.887,3325.445,0.812,5.297,84.749,5462.088,5457.184,148
codec,avx2,4096,228,9,2432.842,49.785,2259.855,2482.627,10461.447,2.554,1.684,60.611,5422.904,5421.961,130
copy,avx512bw,4096,4096,9,16.602,0.042,16.538,17.090,71.418,0.017,246.720,493.440,5401.653,5382.282,229
xor,avx512bw,4096,2731,9,20.528,0.011,20.487,20.542,88.315,0.022,199.536,598.607,5382.282,5382.282,56
mul,avx512bw,4096,4096,9,35.171,0.181,34.510,35.794,151.277,0.037,116.458,232.917,5369.598,5369.598,191
radix4,avx512bw,4096,1024,9,172.474,0.507,170.823,174.807,741.792,0.181,23.749,189.988,5364.440,5348.213,14
radix8,avx512bw,4096,512,9,368.854,1.582,366.881,382.428,1586.297,0.387,11.105,177.675,5330.229,5330.229,125
codec,avx512bw,4096,228,9,1136.114,3.075,1120.500,1143.614,4885.781,1.193,3.605,129.790,5303.979,5303.979,215
copy,avx512vbmi,4096,4096,9,15.061,0.051,14.947,15.652,64.794,0.016,271.956,543.911,5287.052,5287.052,176
xor,avx512vbmi,4096,2731,9,20.894,0.022,20.868,22.066,89.889,0.022,196.039,588.117,5287.052,5287.052,109
mul,avx512vbmi,4096,4096,9,46.685,0.337,45.606,47.161,200.775,0.049,87.737,175.474,5277.431,5278.121,234
radix4,avx512vbmi,4096,1024,9,264.818,0.820,263.178,267.094,1138.870,0.278,15.467,123.738,5259.919,5226.567,91
radix8,avx512vbmi,4096,512,9,724.463,2.146,721.379,732.529,3115.400,0.761,5.654,90.462,5216.662,5216.662,40
codec,avx512vbmi,4096,228,9,1877.614,5.395,1872.219,1893.623,8074.193,1.971,2.181,78.534,5221.745,5221.745,127
copy,scalar,16384,1024,9,218.665,0.849,217.073,220.766,940.415,0.057,74.927,149.855,5237.045,5237.045,24
xor,scalar,16384,683,9,238.700,0.498,237.618,241.512,1026.586,0.063,68.639,205.916,5271.575,5271.575,164
mul,scalar,16384,1024,9,3104.352,13.672,3082.603,3125.348,13348.687,0.815,5.278,10.556,5306.760,5321.763,192
radix4,scalar,16384,256,9,18502.102,43.320,18181.551,18587.102,79558.398,4.856,0.886,7.084,5370.254,5380.129,151
radix8,scalar,16384,128,9,45061.742,230.945,44830.797,45364.484,193763.711,11.826,0.364,5.817,5477.873,5484.354,208
codec,scalar,16384,57,9,78572.018,26.825,78421.474,78852.702,337857.789,20.621,0.209,7.507,5528.757,5532.487,146
copy,avx2,16384,1024,9,103.020,0.078,101.398,103.771,443.102,0.027,159.038,318.076,5534.409,5534.409,155
xor,avx2,16384,683,9,142.212,1.171,141.041,149.124,611.695,0.037,115.208,345.624,5526.753,5526.753,39
mul,avx2,16384,1024,9,378.813,1.406,377.192,380.895,1628.961,0.099,43.251,86.502,5525.137,5525.137,67
radix4,avx2,16384,256,9,1556.273,5.934,1537.523,1595.688,6692.715,0.408,10.528,84.222,5531.809,5531.809,20
radix8,avx2,16384,128,9,3740.602,79.688,3655.602,3917.164,16085.359,0.982,4.380,70.081,5504.052,5504.052,44
codec,avx2,16384,57,9,9957.860,302.281,9414.877,10518.579,42820.456,2.614,1.645,59.232,5447.467,5436.013,6
copy,avx512bw,16384,1024,9,71.769,0.039,71.700,74.142,308.769,0.019,228.289,456.579,5402.794,5386.251,15
xor,avx512bw,16384,683,9,92.842,0.600,91.816,93.559,399.466,0.024,176.472,529.416,5386.251,5386.251,179
mul,avx512bw,16384,1024,9,137.775,1.855,131.652,139.797,592.510,0.036,118.918,237.836,5369.643,5369.643,215
radix4,avx512bw,16384,256,9,840.871,8.633,822.316,891.730,3616.199,0.221,19.485,155.876,5351.612,5351.612,128
radix8,avx512bw,16384,128,9,1809.797,21.570,1763.852,1835.492,7783.336,0.475,9.053,144.847,5309.807,5309.807,184
codec,avx512bw,16384,57,9,4575.842,20.719,4526.561,4725.158,19678.158,1.201,3.581,128.900,5268.275,5268.275,207
copy,avx512vbmi,16384,1024,9,74.356,0.039,74.298,76.739,319.854,0.020,220.344,440.688,5235.961,5235.961,198
xor,avx512vbmi,16384,683,9,87.351,0.029,87.321,91.246,375.857,0.023,187.564,562.693,5235.961,5235.961,122
mul,avx512vbmi,16384,1024,9,182.591,0.117,182.317,184.612,785.296,0.048,89.731,179.461,5242.460,5242.460,30
radix4,avx512vbmi,16384,256,9,1170.133,2.695,1165.137,1187.871,5032.176,0.307,14.002,112.015,5230.567,5205.243,73
radix8,avx512vbmi,16384,128,9,2969.648,4.289,2941.766,2989.961,12770.328,0.779,5.517,88.274,5209.936,5209.936,113
codec,avx512vbmi,16384,57,9,7541.509,13.175,7520.105,7588.895,32431.053,1.979,2.173,78.210,5209.936,5211.191,22
copy,scalar,65536,256,9,805.441,0.977,800.598,813.527,3464.020,0.053,81.367,162.733,5221.881,5221.881,31
xor,scalar,65536,171,9,933.468,2.041,929.784,940.018,4014.842,0.061,70.207,210.621,5244.895,5244.895,168
mul,scalar,65536,256,9,12459.516,62.344,12342.832,12527.602,53575.816,0.818,5.260,10.520,5287.141,5295.942,55
radix4,scalar,65536,64,9,73737.766,254.062,72628.391,74140.125,317070.578,4.838,0.889,7.110,5352.314,5363.044,60
radix8,scalar,65536,32,9,180913.875,733.125,179566.312,182065.438,777922.406,11.870,0.362,5.796,5449.680,5457.615,46
codec,scalar,65536,15,9,314995.867,976.000,314017.200,317861.933,1354471.333,20.668,0.208,7.490,5524.296,5524.638,134
copy,avx2,65536,256,9,772.082,1.914,769.266,780.988,3320.574,0.051,84.882,169.764,5531.933,5531.933,130
xor,avx2,65536,171,9,1080.129,2.222,1071.538,1087.503,4645.760,0.071,60.674,182.023,5533.415,5538.331,53
mul,avx2,65536,256,9,1559.125,23.594,1496.348,1589.672,6704.641,0.102,42.034,84.068,5535.340,5535.340,170
radix4,avx2,65536,64,9,5502.422,185.312,5247.422,5858.828,23662.766,0.361,11.910,95.283,5495.692,5480.376,161
radix8,avx2,65536,32,9,12723.312,247.188,12211.750,13342.688,54713.469,0.835,5.151,82.414,5419.244,5419.244,215
codec,avx2,65536,15,9,33721.800,994.000,32697.133,36153.133,145010.333,2.213,1.943,69.964,5337.216,5322.527,155
copy,avx512bw,65536,256,9,545.828,1.797,527.469,547.625,2347.531,0.036,120.067,240.134,5276.836,5276.836,159
xor,avx512bw,65536,171,9,805.099,2.281,786.444,817.789,3462.380,0.053,81.401,244.203,5268.959,5268.959,40
mul,avx512bw,65536,256,9,729.465,2.973,705.871,752.160,3137.320,0.048,89.841,179.682,5267.530,5267.530,183
radix4,avx512bw,65536,64,9,3130.516,5.625,3123.328,3172.234,13463.031,0.205,20.935,167.477,5262.224,5262.224,188
radix8,avx512bw,65536,32,9,6803.219,5.281,6759.781,6876.969,29258.812,0.446,9.633,154.129,5255.150,5255.150,202
codec,avx512bw,65536,15,9,18088.267,27.333,18057.600,18280.267,77789.867,1.187,3.623,130.432,5233.559,5233.559,45
copy,avx512vbmi,65536,256,9,550.398,0.820,515.359,556.414,2367.352,0.036,119.070,238.140,5229.992,5229.992,41
xor,avx512vbmi,65536,171,9,805.977,6.140,786.854,812.468,3466.655,0.053,81.313,243.938,5229.294,5229.294,158
mul,avx512vbmi,65536,256,9,936.105,3.633,932.199,945.914,4025.875,0.061,70.009,140.018,5238.138,5238.138,1
radix4,avx512vbmi,65536,64,9,4628.359,7.969,4614.125,4668.188,19903.625,0.304,14.160,113.277,5217.205,5196.725,10
radix8,avx512vbmi,65536,32,9,11887.656,36.562,11816.094,12115.500,51121.625,0.780,5.513,88.207,5187.201,5187.201,124
codec,avx512vbmi,65536,15,9,30477.067,106.000,30277.133,30719.133,131058.267,2.000,2.150,77.412,5189.940,5191.106,124
copy,scalar,262144,64,9,3187.078,2.812,3165.203,3285.047,13706.250,0.052,82.252,164.504,5195.690,5199.745,120
xor,scalar,262144,43,9,3695.884,37.419,3657.023,4072.860,15896.000,0.061,70.929,212.786,5219.338,5219.338,45
mul,scalar,262144,64,9,49859.625,195.000,49469.922,50306.344,214394.641,0.818,5.258,10.515,5265.930,5275.676,55
radix4,scalar,262144,16,9,294701.750,1159.438,292619.250,301334.312,1267204.625,4.834,0.890,7.116,5338.206,5352.863,183
radix8,scalar,262144,8,9,726800.500,3300.000,721321.625,732604.250,3125213.125,11.922,0.361,5.771,5442.432,5458.729,64
codec,scalar,262144,4,9,1266298.000,4227.750,1260510.500,1361064.500,5445047.000,20.771,0.207,7.453,5521.342,5521.342,5
copy,avx2,262144,64,9,2933.484,4.375,2929.109,3017.703,12615.797,0.048,89.363,178.725,5518.389,5513.437,95
xor,avx2,262144,43,9,4249.349,24.395,4221.674,4345.651,18277.000,0.070,61.690,185.071,5522.579,5522.579,10
mul,avx2,262144,64,9,6025.859,51.078,5974.781,6182.422,25914.219,0.099,43.503,87.006,5512.209,5512.209,16
radix4,avx2,262144,16,9,21760.312,593.812,20822.812,22952.812,93576.062,0.357,12.047,96.375,5463.168,5463.168,144
radix8,avx2,262144,8,9,53198.250,1317.500,51802.000,55410.750,228765.375,0.873,4.928,78.843,5392.523,5392.523,150
codec,avx2,262144,4,9,138754.500,2545.000,134459.500,144544.500,596668.000,2.276,1.889,68.014,5323.889,5311.687,115
copy,avx512bw,262144,64,9,1795.812,33.281,1748.766,1887.203,7724.547,0.029,145.975,291.950,5261.572,5261.572,41
xor,avx512bw,262144,43,9,2871.907,6.977,2859.791,2952.837,12353.000,0.047,91.279,273.836,5245.699,5245.699,124
mul,avx512bw,262144,64,9,2713.938,4.375,2707.078,2742.688,11671.812,0.045,96.592,193.184,5237.242,5237.242,102
radix4,avx512bw,262144,16,9,12828.312,70.000,12742.062,13143.312,55169.000,0.210,20.435,163.478,5226.437,5226.437,230
radix8,avx512bw,262144,8,9,29955.500,72.500,29883.000,30982.875,128817.250,0.491,8.751,140.018,5210.520,5210.520,224
codec,avx512bw,262144,4,9,77138.750,62.500,77068.500,77531.250,331723.500,1.265,3.398,122.340,5203.031,5203.031,178
copy,avx512vbmi,262144,64,9,1635.031,5.781,1629.250,1743.625,7033.188,0.027,160.330,320.659,5197.930,5197.930,232
xor,avx512vbmi,262144,43,9,2908.186,7.907,2891.674,2964.930,12508.000,0.048,90.140,270.420,5196.230,5196.230,189
mul,avx512vbmi,262144,64,9,3379.422,42.031,3274.109,3504.438,14533.328,0.055,77.571,155.141,5193.574,5193.337,167
radix4,avx512vbmi,262144,16,9,19009.625,73.750,18935.875,19423.375,81748.375,0.312,13.790,110.321,5144.637,5144.637,39
radix8,avx512vbmi,262144,8,9,49974.500,45.000,49828.250,51317.000,214908.625,0.820,5.246,83.929,5133.680,5133.680,33
codec,avx512vbmi,262144,4,9,126424.500,497.750,125514.500,128441.750,543649.000,2.074,2.074,74.647,5145.285,5148.895,102
copy,scalar,1048576,16,9,15152.688,143.750,14999.625,15807.062,65166.500,0.062,69.201,138.401,5156.092,5156.092,60
xor,scalar,1048576,11,9,22584.000,45.455,22523.000,24289.455,97121.364,0.093,46.430,139.290,5169.261,5194.467,51
mul,scalar,1048576,16,9,201608.500,998.750,199911.625,203498.562,866914.938,0.827,5.201,10.402,5225.590,5234.220,192
radix4,scalar,1048576,4,9,1193859.500,2582.500,1179546.750,1198832.250,5133544.250,4.896,0.878,7.026,5308.691,5317.002,8
radix8,scalar,1048576,2,9,2939077.500,19695.500,2906177.000,2966797.500,12637958.000,12.052,0.357,5.708,5420.389,5425.307,82
codec,scalar,1048576,1,9,5035842.000,3800.000,5030722.000,5056513.000,21653983.000,20.651,0.208,7.496,5525.012,5525.252,165
copy,avx2,1048576,16,9,15306.500,75.688,15064.625,15457.750,65824.938,0.063,68.505,137.011,5525.962,5525.962,93
xor,avx2,1048576,11,9,23387.545,58.182,23174.818,23614.909,100580.909,0.096,44.835,134.504,5533.556,5533.556,82
mul,avx2,1048576,16,9,26284.125,703.750,25249.750,27782.250,113033.562,0.108,39.894,79.788,5506.770,5506.770,161
radix4,avx2,1048576,4,9,89049.000,1745.250,86773.750,93823.750,382936.500,0.365,11.775,94.202,5459.868,5442.662,105
radix8,avx2,1048576,2,9,215083.000,885.000,214198.000,223633.500,924930.000,0.882,4.875,78.003,5388.107,5364.844,111
codec,avx2,1048576,1,9,542207.000,4519.000,537688.000,566059.000,2331589.000,2.224,1.934,69.621,5295.392,5295.392,77
copy,avx512bw,1048576,16,9,13941.438,24.375,13819.562,14225.250,59955.438,0.057,75.213,150.426,5255.224,5255.224,181
xor,avx512bw,1048576,11,9,21738.455,83.545,21654.909,22030.364,93493.727,0.089,48.236,144.708,5262.893,5262.893,186
mul,avx512bw,1048576,16,9,14023.375,29.438,13975.812,15080.250,60307.500,0.058,74.773,149.547,5263.203,5263.203,73
radix4,avx512bw,1048576,4,9,53628.250,202.500,53403.250,54773.250,230641.250,0.220,19.553,156.421,5251.061,5251.061,129
radix8,avx512bw,1048576,2,9,128757.000,220.500,128266.500,130657.000,553711.000,0.528,8.144,130.301,5223.243,5216.545,135
codec,avx512bw,1048576,1,9,308285.000,4210.000,297484.000,312495.000,1325776.000,1.264,3.401,122.448,5203.836,5203.836,243
copy,avx512vbmi,1048576,16,9,14003.938,73.125,13039.562,14201.438,60224.188,0.057,74.877,149.754,5203.349,5203.349,11
xor,avx512vbmi,1048576,11,9,21889.364,65.364,21801.182,22146.727,94138.727,0.090,47.903,143.710,5210.418,5213.872,4
mul,avx512vbmi,1048576,16,9,16302.750,133.750,16002.125,16677.750,70111.500,0.067,64.319,128.638,5216.851,5216.851,247
radix4,avx512vbmi,1048576,4,9,79236.250,127.750,79081.250,82006.250,340753.500,0.325,13.234,105.868,5184.752,5164.843,63
radix8,avx512vbmi,1048576,2,9,206383.000,635.000,204948.000,207283.000,887498.500,0.846,5.081,81.292,5168.365,5168.365,57
codec,avx512vbmi,1048576,1,9,501607.000,2070.000,496047.000,504337.000,2157009.000,2.057,2.090,75.256,5179.460,5179.875,34
copy,scalar,4194304,4,9,66431.000,515.000,65776.000,71036.000,285692.000,0.068,63.138,126.276,5181.525,5181.525,218
xor,scalar,4194304,3,9,98714.667,230.000,98484.667,101708.000,424510.333,0.101,42.489,127.468,5225.224,5225.224,217
mul,scalar,4194304,4,9,803206.750,4537.750,796576.500,807969.000,3453781.500,0.823,5.222,10.444,5251.838,5265.288,152
radix4,scalar,4194304,1,9,4704028.000,30381.000,4666738.000,4811889.000,20227114.000,4.823,0.892,7.133,5346.241,5352.435,213
radix8,scalar,4194304,1,9,11579376.000,18040.000,11554885.000,11648948.000,49790775.000,11.871,0.362,5.796,5500.664,5500.664,198
codec,scalar,4194304,1,9,20067818.000,4670.000,20060579.000,20104128.000,86290508.000,20.573,0.209,7.524,5538.659,5538.719,132
copy,avx2,4194304,4,9,58560.750,155.000,58401.000,61546.000,251840.250,0.060,71.623,143.246,5537.536,5537.536,39
xor,avx2,4194304,3,9,89731.333,1353.333,86801.333,93394.667,385896.333,0.092,46.743,140.229,5539.101,5539.101,36
mul,avx2,4194304,4,9,110931.500,3037.250,107894.250,117046.750,477031.250,0.114,37.810,75.620,5535.068,5527.619,101
radix4,avx2,4194304,1,9,374655.000,5301.000,354645.000,379956.000,1611210.000,0.384,11.195,89.561,5470.054,5470.054,40
radix8,avx2,4194304,1,9,871453.000,12950.000,810632.000,887333.000,3747364.000,0.893,4.813,77.008,5349.781,5339.455,136
codec,avx2,4194304,1,9,2122601.000,440.000,2119371.000,2126290.000,9127180.000,2.176,1.976,71.137,5248.377,5248.377,239
copy,avx512bw,4194304,4,9,51590.750,47.500,51393.000,52085.750,221869.250,0.053,81.300,162.599,5242.518,5242.518,76
xor,avx512bw,4194304,3,9,77428.000,146.667,77281.333,79991.333,333020.667,0.079,54.170,162.511,5263.578,5263.578,79
mul,avx512bw,4194304,4,9,52280.750,175.000,51910.750,52603.250,224836.250,0.054,80.227,160.453,5260.516,5260.516,14
radix4,avx512bw,4194304,1,9,203843.000,370.000,203473.000,206043.000,876684.000,0.209,20.576,164.609,5242.539,5242.539,67
radix8,avx512bw,4194304,1,9,471337.000,1460.000,469166.000,477377.000,2026934.000,0.483,8.899,142.380,5212.181,5206.199,227
codec,avx512bw,4194304,1,9,1194507.000,1150.000,1192637.000,1200827.000,5136479.000,1.225,3.511,126.408,5198.981,5201.645,34
copy,avx512vbmi,4194304,4,9,51970.750,42.500,51898.250,52450.750,223503.250,0.053,80.705,161.410,5202.604,5202.604,129
xor,avx512vbmi,4194304,3,9,78087.667,63.000,77921.000,78631.333,335858.667,0.080,53.713,161.138,5213.713,5213.713,130
mul,avx512vbmi,4194304,4,9,64730.750,172.500,62688.500,65241.000,278382.000,0.066,64.796,129.592,5220.706,5217.838,195
radix4,avx512vbmi,4194304,1,9,308694.000,1139.000,307154.000,313515.000,1327496.000,0.316,13.587,108.698,5166.873,5166.873,142
radix8,avx512vbmi,4194304,1,9,795701.000,1609.000,793351.000,798842.000,3421553.000,0.816,5.271,84.339,5173.977,5173.977,46
codec,avx512vbmi,4194304,1,9,1971078.000,3581.000,1965528.000,1980179.000,8475644.000,2.021,2.128,76.605,5205.667,5208.311,239
copy,scalar,16777216,1,9,209913.000,1160.000,207343.000,241064.000,902785.000,0.054,79.925,159.849,5228.181,5228.181,76
xor,scalar,16777216,1,9,316814.000,1131.000,314965.000,317945.000,1362455.000,0.081,52.956,158.868,5259.227,5259.227,145
mul,scalar,16777216,1,9,3170156.000,15511.000,3152496.000,3201766.000,13631645.000,0.813,5.292,10.584,5304.107,5314.142,173
radix4,scalar,16777216,1,9,18561357.000,69941.000,18434025.000,18730799.000,79812816.000,4.757,0.904,7.231,5453.236,5453.424,28
radix8,scalar,16777216,1,9,46490667.000,85991.000,46387076.000,46588420.000,199907172.000,11.915,0.361,5.774,5504.280,5504.280,100
codec,scalar,16777216,1,9,80368014.000,5980.000,80360354.000,80426374.000,345577627.000,20.598,0.209,7.515,5539.822,5539.822,35
copy,avx2,16777216,1,9,232163.000,1210.000,230854.000,304445.000,998417.000,0.060,72.265,144.530,5541.329,5550.394,143
xor,avx2,16777216,1,9,343864.000,2430.000,337645.000,347015.000,1478727.000,0.088,48.790,146.371,5551.119,5551.119,82
mul,avx2,16777216,1,9,413006.000,7790.000,395536.000,423886.000,1776029.000,0.106,40.622,81.244,5517.072,5507.735,110
radix4,avx2,16777216,1,9,1270609.000,50602.000,1195027.000,1440661.000,5463709.000,0.326,13.204,105.633,5345.953,5329.903,223
radix8,avx2,16777216,1,9,4505955.000,144393.000,4230020.000,4749038.000,19375413.000,1.155,3.723,59.573,5309.621,5314.068,202
codec,avx2,16777216,1,9,8978729.000,38691.000,8940038.000,9093500.000,38608152.000,2.301,1.869,67.268,5261.588,5261.441,145
copy,avx512bw,16777216,1,9,205643.000,720.000,204923.000,304724.000,884381.000,0.053,81.584,163.168,5260.000,5265.063,61
xor,avx512bw,16777216,1,9,308974.000,469.000,308285.000,312195.000,1328700.000,0.079,54.300,162.899,5282.330,5282.330,224
mul,avx512bw,16777216,1,9,210013.000,1160.000,208393.000,211273.000,903258.000,0.054,79.887,159.773,5284.435,5276.188,220
radix4,avx512bw,16777216,1,9,943203.000,7590.000,932054.000,1015885.000,4055846.000,0.242,17.787,142.300,5225.264,5216.416,109
radix8,avx512bw,16777216,1,9,3178656.000,26300.000,3088584.000,3611762.000,13668152.000,0.815,5.278,84.449,5259.254,5270.760,120
codec,avx512bw,16777216,1,9,5902475.000,17330.000,5884304.000,6090937.000,25380363.000,1.513,2.842,102.327,5246.131,5242.727,5
copy,avx512vbmi,16777216,1,9,206033.000,470.000,205563.000,339495.000,886058.000,0.053,81.430,162.860,5252.970,5252.970,169
xor,avx512vbmi,16777216,1,9,309954.000,709.000,309245.000,312824.000,1332914.000,0.079,54.128,162.384,5266.945,5266.945,116
mul,avx512vbmi,16777216,1,9,267914.000,780.000,266154.000,270284.000,1152099.000,0.069,62.622,125.243,5265.267,5265.267,72
radix4,avx512vbmi,16777216,1,9,1340520.000,6860.000,1275428.000,1356249.000,5764322.000,0.344,12.515,100.124,5206.920,5208.969,249
radix8,avx512vbmi,16777216,1,9,4258452.000,14352.000,4173740.000,4630057.000,18311206.000,1.091,3.940,63.036,5289.888,5301.424,236
codec,avx512vbmi,16777216,1,9,8476172.000,21161.000,8438551.000,8546813.000,36447187.000,2.172,1.979,71.256,5254.754,5252.089,224
